{
  "C:": {
    "type": "folder",
    "name": "C:",
    "info": {
      "size": "104000000000",
      "used": "90000000000",
      "spid": "%cdrive%"
    },
    "data": {
      "backup": {
        "type": "folder",
        "name": "backup",
        "data": {
          "config": {
            "type": "folder",
            "name": "config"
          }
        }
      },
      "Microsoft": {},
      "Program Files": {
        "data": {
          "7-Zip": {},
          "Adobe": {},
          "AMD": {},
          "BraveSoftware": {},
          "Common Files": {},
          "Dell": {},
          "dotnet": {},
          "Git": {},
          "Goodix": {},
          "heroku": {},
          "Intel": {},
          "Internet Explorer": {},
          "mcafee": {},
          "Microsoft Office 15": {},
          "Microsoft OneDrive": {},
          "Microsoft Update Health Tools": {},
          "ModifiableWindowsApps": {},
          "MongoDB": {},
          "MSBuild": {},
          "MySQL": {},
          "nodejs": {},
          "OpenVPN": {},
          "PCHealthCheck": {},
          "PowerShell": {},
          "PowerToys": {},
          "Realtek": {},
          "Reference Assemblies": {},
          "Riot Vanguard": {},
          "Rivet Networks": {},
          "Waves": {},
          "Windows Defender": {},
          "Windows Mail": {},
          "Windows Media Player": {},
          "Windows NT": {},
          "Windows Photo Viewer": {},
          "WindowsPowerShell": {},
          "WinRAR": {}
        }
      },
      "temp": {},
      "Users": {
        "type": "folder",
        "name": "Users",
        "data": {
          "Public": {
            "data": {
              "Public Documents": {},
              "Public Downloads": {},
              "Public Music": {},
              "Public Pictures": {},
              "Public Videos": {}
            }
          },
          "Blue": {
            "type": "folder",
            "name": "此电脑",
            "info": {
              "spid": "%user%",
              "icon": "user"
            },
            "data": {
              ".config": {},
              "AppData": {},
              "Desktop": {
                "info": {
                  "spid": "%desktop%",
                  "icon": "desk"
                }
              },
              "Documents": {
                "info": {
                  "spid": "%documents%",
                  "icon": "docs"
                },
                "data": {
                  "2020": {
                    "data": {
                      "Covid": {},
                      "Lockdown": {},
                      "Windows 11 Release": {},
                      "Vaccination": {}
                    }
                  },
                  "Adobe": {},
                  "Attachments": {},
                  "Battle Royal": {},
                  "BioWare": {},
                  "Custom": {},
                  "Downloadable": {},
                  "Fax": {},
                  "FeedbackHub": {},
                  "Freelancing": {},
                  "My Games": {},
                  "OneNote notebooks": {},
                  "OnScreen Control": {},
                  "Outlook Files": {},
                  "Visual Studio": {}
                }
              },
              "Downloads": {
                "info": {
                  "spid": "%downloads%",
                  "icon": "down"
                },
                "data": {
                  "Hitman 3": {},
                  "Atomforces": {},
                  "Compressed": {},
                  "textures": {},
                  "Not A Virus": {}
                }
              },
              "Music": {
                "info": {
                  "spid": "%music%",
                  "icon": "music"
                },
                "data": {
                  "Hip Hop": {},
                  "Old School": {},
                  "60s Songs": {}
                }
              },
              "Pictures": {
                "info": {
                  "spid": "%pictures%",
                  "icon": "pics"
                },
                "data": {
                  "DCIM": {},
                  "2007": {},
                  "High School": {
                    "data": {
                      "Did you really expected that": {}
                    }
                  }
                }
              },
              "Videos": {
                "info": {
                  "spid": "%videos%",
                  "icon": "vid"
                },
                "data": {
                  "porn-collection": {}
                }
              },
              "Github": {
                "info": {
                  "spid": "%github%"
                },
                "data": {
                  "atomforces": {},
                  "blueapi": {},
                  "BlueBlog": {},
                  "BlueBlogs---A-social-platform": {},
                  "blueedgetechno": {},
                  "blueedgetechno.github.io": {},
                  "blueimage": {},
                  "bluelab": {},
                  "blueothello": {},
                  "blueweb": {},
                  "codeblue": {},
                  "handwritten-digit-recognition": {},
                  "jiosaavn": {},
                  "jiosaavn-api": {},
                  "minesweeper": {},
                  "othello": {},
                  "Saavn-Downloader": {},
                  "Sanfoundary": {}
                }
              },
              "OneDrive": {
                "type": "folder",
                "name": "OneDrive",
                "info": {
                  "spid": "%onedrive%",
                  "icon": "onedrive"
                },
                "data": {
                  "Atom": {
                    "data": {
                      "Codeforces": {},
                      "JavaScript": {},
                      "Github": {}
                    }
                  },
                  "Attachments": {},
                  "october": {},
                  "Office": {},
                  "party": {},
                  "New Folder": {}
                }
              },
              "Contacts": {},
              "Favorites": {},
              "gif": {},
              "Programs": {},
              "Postman": {}
            }
          }
        }
      },
      "Windows": {}
    }
  },
  "D:": {
    "name": "D:",
    "info": {
      "spid": "%ddrive%"
    },
    "data": {
      "Adobe": {},
      "Programs": {},
      "Unity": {},
      "WindowsApp": {},
      "Temp": {}
    }
  }
}
